Y,X
35.4415,127.84914
35.44199,127.83678
35.4362,127.85148
35.44219,127.84922
35.44294,127.84938
35.44265,127.84921
35.43442,127.85879
35.43502,127.85833
35.4347,127.85842
35.43508,127.85133
35.43504,127.85163
35.43485,127.85121
35.43569,127.85057
35.43524,127.85197
35.43547,127.85085
35.43383,127.85085
35.43379,127.85093
35.43548,127.85184
35.4334,127.84993
35.28465,127.90522
35.26469,127.91829
35.27121,127.93728
35.26359,127.93626
35.26302,127.93736
35.27307,127.9381
35.2734,127.93642
35.27386,127.9356
35.27396,127.93584
35.27526,127.93566
35.27465,127.93797
35.27495,127.93767
35.27436,127.93464
35.27516,127.93732
35.27236,127.93642
35.27196,127.93688
35.28578,127.94172
35.28715,127.94177
35.29123,127.94606
35.26348,127.9373
35.29248,127.94265
35.29277,127.9434
35.29255,127.94238
35.29308,127.9424
35.29325,127.94308
35.29354,127.94252
35.2864,127.95721
35.29158,127.93839
35.27639,127.93537
35.27453,127.93414
35.27446,127.93373
35.27465,127.932
35.27689,127.9319
35.27801,127.93175
35.27859,127.93138
35.27494,127.95808
35.28483,127.95077
35.27744,127.93795
35.29382,127.94437
35.286,127.95279
35.28624,127.95317
35.28594,127.95172
35.2898,127.95416
35.29259,127.94775
35.29159,127.95688
35.42241,127.90186
35.41546,127.89612
35.41297,127.89385
35.41252,127.9066
35.41226,127.90716
35.41206,127.90781
35.40811,127.90262
35.40818,127.90154
35.40868,127.90221
35.40804,127.90141
35.40879,127.90142
35.41365,127.90192
35.40669,127.90012
35.40259,127.90071
35.42497,127.91336
35.41299,127.90218
35.40437,127.93658
35.4048,127.9376
35.4243,127.91279
35.42528,127.91307
35.42614,127.91391
35.42548,127.91372
35.42458,127.91308
35.42888,127.92324
35.42562,127.91391
35.40083,127.91652
35.40082,127.91642
35.39748,127.90038
35.39655,127.90048
35.39238,127.90343
35.39722,127.90077
35.39752,127.90062
35.40043,127.90264
35.40036,127.90289
35.39875,127.90309
35.39899,127.90366
35.39926,127.90439
35.39945,127.90542
35.39852,127.9051
35.39895,127.9055
35.39805,127.90421
35.40082,127.90193
35.3997,127.91518
35.40016,127.91622
35.3983,127.90387
35.39846,127.90304
35.39982,127.90434
35.39779,127.90286
35.40023,127.91667
35.43774,127.84806
35.44141,127.84598
35.43818,127.84818
35.43845,127.84781
35.44302,127.8442
35.443,127.85066
35.44131,127.84582
35.43683,127.85682
35.43435,127.85859
35.43345,127.84914
35.44474,127.84761
35.4504,127.85467
35.44907,127.84466
35.44973,127.85051
35.44931,127.84934
35.46244,127.81105
35.45858,127.82033
35.45819,127.81871
35.45845,127.82125
35.45848,127.82065
35.46067,127.81174
35.45994,127.8126
35.461,127.81232
35.46149,127.81157
35.46073,127.8129
35.45387,127.81287
35.46188,127.80908
35.46297,127.80844
35.46259,127.80865
35.46228,127.80937
35.46299,127.80922
35.46338,127.81023
35.45863,127.81932
35.4582,127.8218
35.45838,127.81984
35.45317,127.82099
35.45322,127.81903
35.45984,127.81246
35.45833,127.82217
35.46456,127.79848
35.46295,127.79321
35.46362,127.79295
35.46358,127.79274
35.46178,127.79314
35.46106,127.7881
35.46278,127.79277
35.4633,127.79243
35.29033,127.95628
35.27669,127.94808
35.28993,127.95546
35.29084,127.95569
35.29112,127.95594
35.29209,127.95669
35.2922,127.96069
35.29251,127.95575
35.2916,127.95879
35.29238,127.95202
35.29209,127.95046
35.28998,127.9501
35.28887,127.94868
35.28837,127.94835
35.29166,127.9466
35.29019,127.9466
35.28741,127.94933
35.28495,127.95124
35.29,127.94685
35.28761,127.9486
35.27703,127.94823
35.27632,127.94691
35.27516,127.94557
35.27385,127.9452
35.29305,127.95269
35.29301,127.94061
35.29166,127.95595
35.29231,127.95152
35.28978,127.95797
35.28842,127.95632
35.28631,127.94058
35.2756,127.94612
35.27653,127.93253
35.27629,127.9338
35.276,127.93485
35.28696,127.93771
35.28169,127.9665
35.27841,127.96698
35.27781,127.96704
35.27775,127.96652
35.27494,127.96484
35.27466,127.96484
35.27543,127.96715
35.27646,127.96705
35.2753,127.96643
35.27562,127.96735
35.27617,127.96637
35.27154,127.96651
35.272,127.96474
35.2731,127.96554
35.26989,127.96556
35.39902,127.9041
35.3318,127.83871
35.33039,127.83891
35.33446,127.83837
35.33491,127.83917
35.33335,127.83975
35.33438,127.8397
35.33431,127.83928
35.32812,127.83522
35.33543,127.83639
35.33458,127.83955
35.33605,127.83941
35.32602,127.83781
35.3299,127.83408
35.32973,127.83363
35.33008,127.83502
35.33073,127.83576
35.32889,127.83471
35.32861,127.83615
35.33053,127.83627
35.32778,127.8355
35.32763,127.83425
35.32929,127.83094
35.33145,127.8384
35.32983,127.83513
35.32767,127.83467
35.33074,127.83923
35.32916,127.83439
35.33218,127.83794
35.3258,127.83772
35.41291,127.87254
35.32576,127.83881
35.4128,127.87226
35.41316,127.87113
35.41236,127.87226
35.41306,127.87181
35.4125,127.87204
35.41181,127.87202
35.41226,127.87141
35.41198,127.8721
35.41156,127.87109
35.41141,127.87206
35.41174,127.87124
35.41125,127.86951
35.41085,127.87211
35.41236,127.87357
35.41471,127.87488
35.41492,127.87504
35.41533,127.87533
35.41374,127.87462
35.41396,127.87471
35.41352,127.87568
35.41359,127.87577
35.41378,127.87654
35.41242,127.8742
35.41199,127.87419
35.41216,127.87492
35.41155,127.87448
35.41177,127.87516
35.41999,127.8619
35.41972,127.88272
35.41086,127.88439
35.41153,127.87775
35.41225,127.87559
35.41489,127.87533
35.41518,127.87521
35.41431,127.87554
35.41944,127.87819
35.41966,127.87861
35.41948,127.87795
35.41687,127.87684
35.41916,127.87923
35.41844,127.8811
35.4195,127.88222
35.41899,127.88231
35.41945,127.88326
35.41885,127.88427
35.41801,127.88433
35.41779,127.88492
35.41839,127.88488
35.42363,127.84976
35.42454,127.8491
35.42076,127.86156
35.42081,127.86182
35.42031,127.8618
35.42021,127.86235
35.42045,127.86274
35.41928,127.86208
35.41813,127.86242
35.41719,127.8637
35.41836,127.86329
35.41689,127.86478
35.4175,127.86391
35.41927,127.86464
35.41689,127.8658
35.42216,127.86326
35.42099,127.86783
35.36159,127.91288
35.36214,127.91264
35.3437,127.93421
35.36249,127.91469
35.3616,127.90604
35.33853,127.93603
35.31274,127.92257
35.33135,127.92604
35.36089,127.91322
35.32842,127.94011
35.31681,127.92125
35.3218,127.92679
35.33849,127.93517
35.33025,127.90524
35.33047,127.9055
35.33206,127.92763
35.3312,127.90527
35.33108,127.90604
35.2899,127.95639
35.33099,127.90564
35.31779,127.90449
35.31576,127.90289
35.30761,127.90282
35.30509,127.90172
35.30551,127.90205
35.30527,127.90174
35.29742,127.90387
35.29744,127.90299
35.29654,127.90597
35.29632,127.90627
35.2941,127.90612
35.29426,127.9064
35.29407,127.90735
35.29421,127.90676
35.2941,127.90784
35.3391,127.90457
35.34223,127.90689
35.33782,127.89953
35.33066,127.90518
35.30636,127.90254
35.33927,127.90381
35.32909,127.90505
35.31179,127.90386
35.34289,127.90675
35.32095,127.89934
35.41822,127.88508
35.32111,127.89917
35.41645,127.88218
35.41563,127.88129
35.41582,127.88291
35.41532,127.88224
35.41329,127.89104
35.41357,127.89056
35.41522,127.88193
35.41607,127.88097
35.41582,127.88086
35.41615,127.87987
35.41603,127.88163
35.4158,127.88058
35.41553,127.8816
35.41661,127.87952
35.41646,127.87982
35.41472,127.88111
35.41407,127.87841
35.41353,127.87843
35.41367,127.87701
35.41448,127.87788
35.41458,127.8784
35.41214,127.88173
35.41303,127.88085
35.41405,127.87922
35.41332,127.88169
35.41427,127.88151
35.41345,127.88226
35.41636,127.88248
35.4145,127.88543
35.42083,127.88423
35.41922,127.89141
35.41631,127.89033
35.42894,127.88578
35.42678,127.88219
35.43756,127.89361
35.43736,127.8943
35.43752,127.89387
35.43761,127.8947
35.43857,127.89455
35.43848,127.89421
35.43839,127.8936
35.43834,127.89332
35.43805,127.89391
35.43757,127.89344
35.42985,127.88947
35.4296,127.88857
35.42964,127.88926
35.42184,127.86453
35.4226,127.86642
35.41925,127.87254
35.41776,127.86227
35.41509,127.85946
35.41898,127.86194
35.41445,127.85906
35.41941,127.87308
35.41519,127.85875
35.41444,127.85807
35.41465,127.85821
35.41418,127.85756
35.41492,127.85739
35.41496,127.85822
35.41791,127.86297
35.41656,127.8639
35.42204,127.86372
35.42272,127.86333
35.41793,127.86093
35.41812,127.86028
35.40502,127.84801
35.42345,127.86597
35.41885,127.86215
35.42327,127.86569
35.41937,127.87424
35.41429,127.85735
35.41905,127.87373
35.41834,127.84903
35.41361,127.84759
35.41816,127.84886
35.41329,127.84452
35.41292,127.84746
35.41316,127.84733
35.41319,127.84752
35.41254,127.84693
35.41296,127.84703
35.41273,127.84645
35.41348,127.84707
35.41383,127.84338
35.4128,127.84599
35.41335,127.84285
35.4131,127.84662
35.41285,127.84291
35.41417,127.84453
35.41871,127.8463
35.4187,127.84698
35.32315,127.89926
35.32265,127.89865
35.33495,127.89844
35.31595,127.90039
35.31314,127.89778
35.31622,127.89727
35.31666,127.89738
35.3167,127.89771
35.31677,127.89945
35.31643,127.89781
35.31685,127.89873
35.31642,127.90037
35.31622,127.89956
35.3145,127.90053
35.31386,127.89805
35.33586,127.89783
35.31128,127.89368
35.33328,127.89544
35.31712,127.89988
35.33723,127.89779
35.31817,127.8981
35.29566,127.91735
35.29577,127.91819
35.28802,127.91334
35.28709,127.91242
35.28664,127.91309
35.30414,127.92423
35.2871,127.93518
35.45102,127.90574
35.43679,127.89107
35.30008,127.92199
35.29953,127.92032
35.29911,127.92073
35.29879,127.92109
35.29908,127.92135
35.29346,127.91904
35.29356,127.92652
35.29335,127.92659
35.29407,127.92666
35.29328,127.9262
35.28921,127.92264
35.28513,127.93081
35.28941,127.92292
35.28933,127.92359
35.28909,127.92386
35.28542,127.93306
35.28298,127.91891
35.28292,127.91931
35.2833,127.91982
35.28269,127.91943
35.28599,127.91589
35.28252,127.91935
35.43013,127.88896
35.43074,127.88949
35.42986,127.88802
35.43038,127.88879
35.43068,127.8904
35.43091,127.89047
35.43114,127.88987
35.43112,127.89011
35.43177,127.88972
35.43157,127.89004
35.43411,127.89056
35.43636,127.89024
35.43805,127.89457
35.4364,127.88971
35.43155,127.89105
35.43808,127.89496
35.44413,127.91102
35.44354,127.9109
35.43503,127.88934
35.44346,127.85963
35.40869,127.83259
35.45095,127.90493
35.45034,127.90558
35.45053,127.90593
35.44303,127.91127
35.45029,127.90642
35.44394,127.91079
35.44382,127.91166
35.44399,127.91075
35.44382,127.91074
35.443,127.91133
35.44345,127.9121
35.4509,127.90681
35.44736,127.90584
35.4337,127.8673
35.44478,127.8547
35.44467,127.85466
35.445,127.85547
35.44498,127.85605
35.44531,127.85599
35.44551,127.85662
35.41926,127.84628
35.41903,127.84727
35.41925,127.84977
35.41245,127.8421
35.41294,127.84248
35.41284,127.84275
35.41482,127.84456
35.4179,127.84924
35.41032,127.83426
35.4084,127.82914
35.40892,127.82992
35.40883,127.82908
35.4088,127.8298
35.40854,127.82983
35.40963,127.82978
35.40842,127.82987
35.40838,127.82839
35.40814,127.83119
35.41028,127.83486
35.40869,127.83357
35.4142,127.82258
35.41387,127.82192
35.41447,127.82273
35.4046,127.82633
35.41006,127.81865
35.29437,127.91832
35.41016,127.81832
35.40987,127.81915
35.41061,127.81804
35.4104,127.81828
35.41336,127.82248
35.40829,127.8178
35.40841,127.81727
35.40411,127.82382
35.40369,127.8232
35.4041,127.82586
35.40395,127.82564
35.40327,127.82575
35.40486,127.82467
35.40402,127.82641
35.40592,127.82761
35.40476,127.82536
35.40437,127.82387
35.40427,127.82308
35.40446,127.82188
35.40377,127.82999
35.40641,127.83756
35.40524,127.83475
35.28616,127.91481
35.28598,127.914
35.28647,127.91341
35.28712,127.91352
35.28643,127.91396
35.28693,127.93562
35.29391,127.91644
35.29486,127.91731
35.29518,127.91648
35.29405,127.91831
35.29321,127.91871
35.28728,127.9337
35.29216,127.91626
35.28333,127.91925
35.30022,127.92168
35.26659,127.91916
35.2669,127.91902
35.26677,127.91829
35.26592,127.91704
35.26562,127.91716
35.26645,127.91694
35.26745,127.91692
35.26957,127.91726
35.26874,127.9173
35.27015,127.91682
35.27086,127.91766
35.27583,127.91595
35.27594,127.91614
35.28514,127.91282
35.26973,127.92232
35.28404,127.91544
35.28249,127.91337
35.2677,127.91857
35.28397,127.91526
35.2637,127.92125
35.29409,127.90339
35.29375,127.90278
35.26429,127.92018
35.26399,127.91981
35.28393,127.90546
35.26841,127.91047
35.26799,127.91043
35.26435,127.91972
35.43001,127.86816
35.26783,127.9067
35.26636,127.91803
35.40023,127.83123
35.41355,127.89707
35.4425,127.86334
35.26532,127.91946
35.26569,127.91948
35.44602,127.85666
35.26775,127.90854
35.44732,127.85689
35.43238,127.86708
35.43305,127.86691
35.43112,127.86772
35.43065,127.86821
35.43033,127.86809
35.43068,127.86773
35.43109,127.86808
35.43124,127.86818
35.43092,127.86807
35.43093,127.8684
35.43146,127.86878
35.433,127.86864
35.42565,127.87394
35.43239,127.86844
35.42464,127.87519
35.44225,127.85925
35.44179,127.85899
35.44606,127.86135
35.44544,127.86154
35.44854,127.85675
35.44803,127.86672
35.42223,127.90231
35.42165,127.9014
35.42173,127.90115
35.42142,127.90133
35.41571,127.89688
35.4152,127.89601
35.41803,127.89808
35.41343,127.89778
35.41479,127.89798
35.41304,127.89362
35.41249,127.89467
35.41322,127.89762
35.4101,127.89285
35.41072,127.89399
35.4128,127.89155
35.40935,127.88759
35.42254,127.90109
35.40953,127.89255
35.41854,127.89877
35.41327,127.89568
35.42196,127.90147
35.42256,127.90165
35.41452,127.89937
35.40475,127.83561
35.40502,127.83521
35.40284,127.82917
35.40476,127.83525
35.40439,127.83011
35.4027,127.82922
35.40258,127.82888
35.40193,127.82855
35.39947,127.82755
35.40151,127.83018
35.3998,127.832
35.40455,127.83554
35.40607,127.83125
35.40557,127.83096
35.40231,127.82898
35.40507,127.83499
35.40467,127.8358
35.40437,127.83543
35.40514,127.83607
35.40519,127.83645
35.41577,127.89926
35.40533,127.83648
35.4079,127.83784
35.40266,127.84174
35.39772,127.82489
35.44184,127.84832
35.44091,127.84736
35.43868,127.84741
35.44154,127.84693
35.44199,127.84738
35.44229,127.84835
35.33174,127.92693
35.33134,127.92788
35.33867,127.93509
35.33834,127.93459
35.32842,127.93677
35.33861,127.93545
35.3388,127.93602
35.3382,127.93584
35.33739,127.93617
35.33744,127.93643
35.33631,127.93574
35.3394,127.93628
35.33911,127.93529
35.3394,127.9341
35.34497,127.93247
35.34168,127.93558
35.34406,127.93233
35.34414,127.93299
35.35835,127.91512
35.2688,127.89598
35.2706,127.86838
35.28443,127.88853
35.27107,127.87201
35.35812,127.91394
35.25522,127.90516
35.25363,127.9045
35.25635,127.90701
35.26043,127.90041
35.26189,127.90112
35.26948,127.89489
35.26017,127.90094
35.28046,127.8922
35.27925,127.89125
35.27898,127.89163
35.27239,127.88906
35.2729,127.88944
35.27287,127.88922
35.2736,127.88876
35.27353,127.88906
35.28201,127.89032
35.28653,127.88825
35.28735,127.88795
35.29527,127.88629
35.28131,127.89731
35.29178,127.88672
35.27274,127.86877
35.27592,127.89131
35.27725,127.8916
35.25357,127.89149
35.26088,127.89165
35.34178,127.82352
35.28001,127.89186
35.27856,127.89137
35.2722,127.86997
35.28035,127.8912
35.28309,127.89786
35.26264,127.8916
35.29551,127.88723
35.28398,127.89174
35.26023,127.89191
35.25927,127.89178
35.25857,127.89266
35.25951,127.89263
35.2583,127.89223
35.25398,127.88937
35.3403,127.83358
35.34189,127.82528
35.34127,127.83805
35.34236,127.82773
35.34202,127.82782
35.34109,127.82678
35.3447,127.83749
35.34398,127.83104
35.34445,127.8307
35.34356,127.83728
35.34265,127.82998
35.3446,127.83081
35.3449,127.83026
35.34532,127.83037
35.3453,127.83063
35.34547,127.82978
35.34569,127.83052
35.34613,127.83018
35.344,127.82452
35.34523,127.8229
35.34134,127.83979
35.34162,127.83988
35.34089,127.83956
35.3403,127.83928
35.33975,127.83995
35.34325,127.84012
35.33818,127.8357
35.34041,127.83481
35.34216,127.83751
35.34252,127.83281
35.34398,127.83063
35.35044,127.81666
35.34361,127.82388
35.34072,127.82739
35.34092,127.82641
35.34101,127.82552
35.34689,127.83007
35.37047,127.78936
35.35571,127.80699
35.36183,127.79859
35.37066,127.7896
35.37068,127.78979
35.37044,127.7897
35.3615,127.79918
35.38139,127.78486
35.37186,127.78057
35.38155,127.78505
35.36249,127.9149
35.36203,127.91387
35.36256,127.91411
35.3623,127.91403
35.36237,127.91073
35.35848,127.91242
35.35844,127.91342
35.35927,127.91372
35.36247,127.91307
35.35762,127.91367
35.35756,127.91274
35.36231,127.90705
35.36271,127.90519
35.36313,127.9045
35.36297,127.90423
35.36383,127.90369
35.36345,127.90374
35.36283,127.90352
35.33512,127.93572
35.35846,127.91574
35.322,127.92986
35.32115,127.92437
35.31913,127.92691
35.30995,127.92839
35.3168,127.92684
35.31447,127.92081
35.3121,127.92307
35.31001,127.92158
35.31102,127.92293
35.35909,127.91254
35.3571,127.91254
35.32553,127.94067
35.33131,127.93046
35.36097,127.91544
35.35977,127.91515
35.41854,127.87799
35.35864,127.9146
35.35763,127.91041
35.35944,127.91355
35.36086,127.91435
35.3602,127.91458
35.26455,127.89084
35.26511,127.89093
35.26688,127.89075
35.26559,127.89091
35.26719,127.89056
35.26901,127.89174
35.25961,127.89243
35.4181,127.87795
35.41848,127.87722
35.41816,127.87699
35.26557,127.89022
35.41865,127.87746
35.41779,127.87811
35.41802,127.87833
35.41742,127.87759
35.41888,127.87723
35.41743,127.87921
35.41638,127.87451
35.41691,127.87508
35.3957,127.88132
35.38724,127.87703
35.37938,127.90808
35.41658,127.87874
35.41729,127.87876
35.41582,127.87737
35.41702,127.87933
35.41641,127.87618
35.41912,127.87822
35.41593,127.87506
35.41739,127.87814
35.35387,127.84455
35.4177,127.87606
35.41831,127.87663
35.41717,127.87662
35.41753,127.87642
35.41785,127.87735
35.41893,127.87824
35.41766,127.87708
35.41807,127.87618
35.41773,127.87767
35.41838,127.87647
35.41586,127.87435
35.41607,127.87414
35.4158,127.87487
35.41616,127.87389
35.41465,127.87367
35.41625,127.87395
35.41554,127.8734
35.41391,127.87379
35.36279,127.91207
35.40006,127.88534
35.39404,127.88385
35.39362,127.88352
35.39408,127.8826
35.39395,127.883
35.39365,127.88169
35.39333,127.88139
35.3927,127.88163
35.39247,127.88166
35.39265,127.88139
35.39247,127.8824
35.39349,127.88289
35.36454,127.90411
35.39331,127.88508
35.38893,127.87802
35.39182,127.88111
35.39699,127.88056
35.39751,127.88056
35.33248,127.8379
35.33575,127.83081
35.26919,127.96602
35.27093,127.9681
35.35154,127.84122
35.35198,127.84229
35.35189,127.84164
35.36507,127.83551
35.35499,127.84393
35.35292,127.844
35.35325,127.8439
35.35312,127.84422
35.35372,127.84451
35.35334,127.84438
35.35416,127.84669
35.35359,127.84512
35.35447,127.84324
35.45983,127.78674
35.45967,127.78673
35.45914,127.78623
35.45936,127.78643
35.45713,127.78561
35.45872,127.78765
35.45871,127.78795
35.46416,127.79537
35.45546,127.78647
35.46424,127.79616
35.4646,127.79624
35.4651,127.79733
35.46448,127.79805
35.46512,127.79866
35.46453,127.79504
35.46467,127.79728
35.46041,127.78609
35.45926,127.78628
35.46049,127.79465
35.45963,127.79476
35.45934,127.79437
35.456,127.79687
35.45622,127.79654
35.4566,127.79657
35.45673,127.79595
35.45851,127.79503
35.45809,127.79545
35.45807,127.79517
35.45746,127.79521
35.45832,127.79675
35.45121,127.79059
35.39445,127.88292
35.4606,127.79346
35.45773,127.78934
35.45964,127.79418
35.45883,127.79035
35.46015,127.79366
35.45889,127.79405
35.45926,127.79403
35.44188,127.7794
35.44206,127.77916
35.45637,127.79769
35.45771,127.79766
35.44168,127.77789
35.44434,127.78118
35.44193,127.77751
35.442,127.77968
35.44424,127.78138
35.44458,127.78074
35.44476,127.78035
35.26988,127.96668
35.26945,127.96665
35.2558,127.95059
35.26925,127.96684
35.27331,127.9658
35.26984,127.96799
35.27457,127.97016
35.27526,127.97022
35.27029,127.96531
35.27168,127.9646
35.26008,127.96174
35.25519,127.95805
35.25422,127.95396
35.25814,127.95248
35.25873,127.95282
35.25623,127.95163
35.25858,127.95355
35.25735,127.95344
35.45989,127.79343
35.25706,127.95353
35.25621,127.95115
35.2563,127.95012
35.25694,127.95009
35.25384,127.95469
35.25472,127.95157
35.40403,127.94905
35.25626,127.94885
35.25584,127.94962
35.25598,127.94984
35.26511,127.96252
35.25567,127.9503
35.25551,127.95484
35.25902,127.96361
35.25921,127.96298
35.25361,127.95683
35.25417,127.95433
35.25474,127.95725
35.25534,127.95072
35.25604,127.95058
35.25118,127.95303
35.25098,127.94554
35.24979,127.94608
35.25049,127.94562
35.25007,127.94896
35.2497,127.9491
35.39905,127.90463
35.39995,127.91695
35.40068,127.91501
35.40029,127.91539
35.40051,127.91597
35.40106,127.91584
35.39779,127.90207
35.40484,127.94965
35.3924,127.90261
35.39152,127.90317
35.39909,127.90564
35.40057,127.9163
35.39809,127.90518
35.40112,127.91803
35.40464,127.94867
35.40459,127.9477
35.40428,127.9478
35.40351,127.94955
35.4038,127.94792
35.40405,127.94931
35.40473,127.94845
35.40479,127.94816
35.40432,127.94848
35.40404,127.94749
35.40376,127.94808
35.38918,127.91369
35.38965,127.91421
35.37343,127.9138
35.37317,127.91386
35.37397,127.91359
35.37356,127.91299
35.37433,127.91256
35.37083,127.92525
35.37145,127.9244
35.38521,127.91699
35.38549,127.91654
35.38601,127.91624
35.38601,127.91687
35.38584,127.91689
35.38604,127.9171
35.38822,127.91584
35.37174,127.92403
35.38852,127.91465
35.38905,127.91443
35.38961,127.91476
35.3903,127.91463
35.3904,127.90375
35.39057,127.90404
35.4451,127.77972
35.44446,127.78064
35.44416,127.78041
35.44424,127.78075
35.44395,127.78052
35.44371,127.78096
35.444,127.78119
35.42464,127.78135
35.42542,127.78111
35.42427,127.78159
35.42384,127.78173
35.42425,127.78045
35.42328,127.78092
35.35704,127.84666
35.23223,127.89865
35.3644,127.83789
35.42294,127.78138
35.42005,127.783
35.42351,127.78149
35.41538,127.79227
35.41529,127.79005
35.41522,127.79036
35.41553,127.79304
35.4151,127.7935
35.41701,127.77903
35.42267,127.78009
35.42293,127.78077
35.41561,127.79395
35.41494,127.78855
35.42318,127.78102
35.42327,127.77975
35.40035,127.77369
35.39832,127.77531
35.40009,127.77477
35.40085,127.77332
35.39453,127.77337
35.39988,127.77525
35.39734,127.77411
35.29974,127.96005
35.29698,127.95782
35.29617,127.96075
35.29865,127.9574
35.29956,127.95881
35.29917,127.95714
35.30045,127.96027
35.30502,127.95489
35.30079,127.96365
35.30362,127.95627
35.30156,127.95702
35.29963,127.95652
35.30089,127.96254
35.29678,127.95489
35.30002,127.95671
35.2512,127.95143
35.24948,127.94974
35.25031,127.95074
35.25072,127.95042
35.25059,127.9491
35.2569,127.94317
35.25329,127.9388
35.25339,127.93955
35.25355,127.93803
35.24975,127.95105
35.2542,127.93692
35.25401,127.93668
35.24817,127.95147
35.25212,127.95439
35.2485,127.95012
35.24939,127.948
35.25055,127.95112
35.25262,127.94159
35.40427,127.77929
35.25354,127.94272
35.25283,127.94151
35.25364,127.94235
35.23622,127.90073
35.23246,127.8996
35.23282,127.89967
35.2347,127.89892
35.23208,127.89996
35.2311,127.89956
35.23857,127.89554
35.23809,127.89535
35.23879,127.8951
35.23819,127.89693
35.23851,127.89665
35.23623,127.89806
35.23668,127.89778
35.23664,127.8989
35.22858,127.89693
35.23284,127.895
35.23239,127.89915
35.23664,127.89789
35.23833,127.89687
35.23824,127.89511
35.23734,127.895
35.24064,127.89818
35.24049,127.89671
35.24235,127.89633
35.24279,127.89667
35.24336,127.89677
35.24367,127.89677
35.24329,127.89667
35.35553,127.84311
35.24387,127.89661
35.35507,127.84426
35.3545,127.84773
35.35656,127.84672
35.35684,127.84598
35.35759,127.84698
35.36342,127.84347
35.36431,127.84373
35.36487,127.84391
35.36299,127.84641
35.36475,127.84524
35.36427,127.84565
35.36461,127.84606
35.36527,127.8462
35.36547,127.84577
35.36529,127.84449
35.3625,127.83851
35.36437,127.83822
35.37798,127.84863
35.36105,127.84047
35.35526,127.84061
35.35422,127.84273
35.30027,127.95976
35.35548,127.8415
35.35524,127.84176
35.30706,127.95563
35.35529,127.84208
35.35558,127.841
35.36562,127.83606
35.35487,127.84315
35.3549,127.84296
35.35307,127.84535
35.3532,127.84608
35.3651,127.84462
35.36196,127.84374
35.36374,127.84381
35.36476,127.84357
35.37385,127.84952
35.37337,127.84939
35.34636,127.83968
35.35419,127.84496
35.35305,127.84829
35.3649,127.84406
35.34581,127.83576
35.34565,127.83644
35.34107,127.83965
35.34521,127.83605
35.29822,127.95685
35.29742,127.95679
35.2965,127.95737
35.30024,127.95922
35.29999,127.95956
35.29952,127.95668
35.30392,127.95448
35.29982,127.95902
35.29669,127.95652
35.29999,127.95942
35.29666,127.96096
35.30413,127.9393
35.3039,127.93919
35.30238,127.96417
35.3058,127.96221
35.3064,127.96024
35.30244,127.96555
35.3074,127.96033
35.30656,127.96117
35.3083,127.96659
35.30624,127.96482
35.30269,127.96357
35.3134,127.96217
35.31104,127.96457
35.30329,127.96382
35.30848,127.96626
35.30848,127.96688
35.30821,127.95525
35.31389,127.95654
35.30884,127.95542
35.30746,127.95673
35.30772,127.95599
35.30895,127.96545
35.30975,127.96522
35.31173,127.93891
35.30898,127.96519
35.31321,127.94101
35.30871,127.94245
35.30832,127.94384
35.30731,127.94518
35.30742,127.94547
35.30795,127.94572
35.30417,127.93985
35.30239,127.93846
35.30476,127.93893
35.30428,127.93954
35.31089,127.96492
35.24396,127.89631
35.24526,127.89877
35.24466,127.89885
35.24594,127.89804
35.24685,127.89872
35.24733,127.89529
35.24726,127.89424
35.24724,127.89477
35.24778,127.89451
35.24092,127.90235
35.24204,127.89605
35.24312,127.89493
35.24539,127.89509
35.24466,127.89512
35.24888,127.895
35.40328,127.87301
35.24054,127.90063
35.2615,127.90061
35.40324,127.87397
35.4041,127.87517
35.39324,127.88107
35.39665,127.88003
35.39988,127.8733
35.40339,127.8785
35.31538,127.92945
35.24103,127.90131
35.24078,127.9016
35.24085,127.89874
35.25216,127.89703
35.24663,127.8972
35.26183,127.90263
35.26168,127.90206
35.25609,127.90308
35.25699,127.90339
35.25207,127.90223
35.2535,127.90409
35.25391,127.9023
35.27129,127.89578
35.25288,127.90469
35.26105,127.90035
35.26174,127.90135
35.26101,127.90101
35.26228,127.90003
35.2707,127.89444
35.27138,127.89471
35.26292,127.89759
35.2573,127.90618
35.27099,127.89464
35.27143,127.89528
35.26989,127.89431
35.26323,127.89719
35.25286,127.9041
35.25428,127.90404
35.25493,127.90379
35.26284,127.89877
35.39014,127.90463
35.2546,127.90463
35.38973,127.90505
35.39044,127.90626
35.39071,127.9061
35.39059,127.908
35.39051,127.90492
35.39058,127.90539
35.39076,127.90484
35.39118,127.90475
35.38639,127.91472
35.37206,127.9245
35.39127,127.90374
35.397,127.89537
35.39873,127.89536
35.39811,127.89318
35.39844,127.8953
35.39831,127.89569
35.39856,127.89347
35.39712,127.89341
35.39615,127.88748
35.40566,127.87723
35.40518,127.87661
35.40503,127.87768
35.40513,127.87682
35.40451,127.87583
35.40476,127.87555
35.40187,127.87266
35.40239,127.87261
35.40193,127.87338
35.40442,127.8761
35.40239,127.8739
35.38383,127.90612
35.3848,127.90664
35.39311,127.88793
35.36439,127.90452
35.40062,127.88081
35.40003,127.88643
35.3144,127.95562
35.39987,127.88596
35.30699,127.9576
35.30729,127.95757
35.30915,127.95517
35.30784,127.9562
35.30747,127.95735
35.31279,127.96206
35.31012,127.96452
35.31027,127.92859
35.30618,127.95744
35.30933,127.92805
35.30892,127.92711
35.314,127.92923
35.31498,127.92971
35.32156,127.93199
35.32366,127.93656
35.32377,127.93704
35.32265,127.9363
35.32392,127.93852
35.32438,127.93671
35.32409,127.93791
35.47208,127.96008
35.47188,127.96119
35.47292,127.95894
35.47693,127.958
35.50094,127.84004
35.51729,127.84706
35.48945,127.82002
35.53228,127.84787
35.41095,127.97817
35.42399,127.97006
35.41108,127.97902
35.41021,127.97724
35.39603,127.98599
35.40391,127.9509
35.39802,127.984
35.39579,127.98509
35.46985,127.93494
35.46514,127.93508
35.465,127.93409
35.46502,127.929
35.46104,127.93274
35.46093,127.93195
35.45095,127.91797
35.32793,127.93707
35.32779,127.93666
35.32822,127.93452
35.33014,127.92785
35.33102,127.92713
35.33024,127.9314
35.50704,127.9408
35.50706,127.94147
35.49916,127.93285
35.4995,127.93306
35.51133,127.94998
35.49897,127.9313
35.47126,127.96101
35.48899,127.92793
35.47289,127.95998
35.47785,127.95804
35.47775,127.95735
35.46757,127.96399
35.49426,127.83751
35.49563,127.83826
35.4975,127.8381
35.4952,127.83837
35.49595,127.83837
35.49243,127.83605
35.49315,127.83666
35.51313,127.84046
35.51159,127.83988
35.51224,127.84007
35.51187,127.83974
35.50243,127.84086
35.50243,127.84115
35.50211,127.84084
35.50193,127.84084
35.50145,127.84147
35.52179,127.84535
35.51732,127.84245
35.52098,127.84504
35.52112,127.84492
35.51739,127.8459
35.51696,127.84742
35.51734,127.84658
35.51686,127.84658
35.51713,127.84817
35.51658,127.84691
35.51579,127.84745
35.51596,127.8471
35.5164,127.84748
35.50243,127.84132
35.50554,127.83936
35.52086,127.84511
35.51134,127.8411
35.5379,127.853
35.51149,127.84003
35.53761,127.85382
35.53773,127.85351
35.53804,127.85357
35.53777,127.85397
35.53817,127.85245
35.53151,127.84799
35.41093,128.00619
35.53271,127.84827
35.53154,127.84778
35.42338,127.97087
35.41108,127.97701
35.41128,127.97595
35.4118,127.97822
35.40956,127.97909
35.41108,127.9786
35.40847,127.97612
35.40985,127.97775
35.40911,127.97592
35.40827,127.97644
35.40914,127.97683
35.51569,127.84824
35.40903,127.97764
35.40814,127.97807
35.40969,127.97751
35.40888,127.97683
35.40894,127.97732
35.42734,127.96158
35.40445,127.95206
35.40419,127.95185
35.40392,127.95012
35.39286,127.9919
35.39887,127.98577
35.39744,127.98499
35.39703,127.98295
35.39807,127.98612
35.39698,127.9836
35.47708,127.95745
35.47355,127.95833
35.46509,127.96227
35.47032,127.93675
35.46926,127.93505
35.46942,127.93467
35.46891,127.93297
35.46602,127.93515
35.46405,127.93392
35.46496,127.93314
35.46985,127.93515
35.46553,127.93413
35.46477,127.93345
35.4644,127.93199
35.46314,127.9291
35.4641,127.92825
35.45767,127.93067
35.45691,127.93093
35.4563,127.9308
35.45608,127.93547
35.4631,127.9322
35.45513,127.91896
35.45524,127.91824
35.54259,127.85138
35.4034,127.96583
35.42595,127.98161
35.4101,127.99169
35.40309,127.99627
35.43104,127.99585
35.43077,127.99418
35.42998,127.99488
35.51187,127.90481
35.51119,127.90421
35.50899,127.89469
35.51104,127.90466
35.51103,127.90614
35.50307,127.8951
35.50697,127.89396
35.50777,127.89436
35.51905,127.89306
35.50599,127.893
35.51587,127.8965
35.51506,127.89675
35.51801,127.89281
35.3383,128.09846
35.35076,128.07338
35.34235,128.08833
35.34046,128.08597
35.36458,128.06029
35.39203,128.01014
35.39206,128.00889
35.3909,127.99214
35.38703,127.98991
35.38381,128.01112
35.38476,128.01028
35.40808,128.01099
35.50601,127.90795
35.40003,128.02902
35.39994,128.02992
35.50606,127.90924
35.50493,127.90791
35.46495,127.90999
35.46587,127.92
35.46479,127.92234
35.46673,127.90959
35.46501,127.91779
35.46584,127.91123
35.45701,127.91771
35.46712,127.91105
35.45182,127.91876
35.4496,127.95029
35.44914,127.95034
35.44956,127.95154
35.45756,127.93788
35.44903,127.94879
35.52927,127.84733
35.5287,127.84741
35.52937,127.84775
35.52964,127.84792
35.52597,127.84892
35.52586,127.84933
35.52626,127.84884
35.52968,127.8475
35.53819,127.85409
35.53786,127.85259
35.54438,127.85959
35.53963,127.8523
35.54466,127.85937
35.54497,127.85863
35.54442,127.85874
35.54234,127.85221
35.54206,127.85159
35.54226,127.85274
35.54502,127.8577
35.54506,127.85887
35.55071,127.85855
35.5455,127.85764
35.55054,127.85853
35.55018,127.85878
35.54398,127.85936
35.55009,127.85831
35.55042,127.8589
35.49613,127.85853
35.49556,127.86036
35.49587,127.8603
35.49518,127.85988
35.49596,127.85807
35.49607,127.85742
35.49636,127.85742
35.49714,127.85712
35.49639,127.85721
35.49104,127.85492
35.49082,127.86674
35.49001,127.86598
35.49,127.86608
35.49068,127.85496
35.49018,127.86623
35.49096,127.85541
35.49657,127.86159
35.491,127.86573
35.49053,127.86536
35.49623,127.86069
35.49128,127.85537
35.40255,127.96454
35.39909,127.98368
35.39388,127.9839
35.4269,127.98191
35.42671,127.98098
35.42595,127.98111
35.40992,127.99316
35.40199,127.99624
35.40299,127.99531
35.43005,127.99577
35.43206,127.99566
35.40262,127.99669
35.40311,127.99565
35.39791,127.88072
35.40995,127.99197
35.39988,127.8809
35.40026,127.88057
35.39957,127.88089
35.39809,127.87969
35.4018,127.87902
35.39113,127.8799
35.38976,127.87944
35.38428,127.87531
35.36404,127.90522
35.4003,127.88567
35.38329,127.9056
35.40031,127.88631
35.40204,127.8742
35.39315,127.8843
35.40308,127.87869
35.49893,127.88754
35.49775,127.88371
35.51181,127.90426
35.51138,127.90302
35.50615,127.89385
35.50694,127.8947
35.50623,127.89631
35.5069,127.89622
35.50529,127.89288
35.50869,127.89415
35.50784,127.89489
35.52007,127.89326
35.51811,127.89734
35.51737,127.89728
35.51261,127.8954
35.51512,127.89308
35.52079,127.89302
35.51581,127.89256
35.51487,127.89646
35.516,127.89804
35.51863,127.89035
35.34991,128.07281
35.35049,128.07321
35.35038,128.07297
35.33923,128.10162
35.33944,128.10168
35.33871,128.1016
35.33912,128.09053
35.34198,128.08845
35.34185,128.08827
35.34091,128.08662
35.33995,128.08906
35.34097,128.08048
35.34084,128.0792
35.35191,128.07493
35.35097,128.07353
35.3411,128.08315
35.35149,128.0738
35.34022,128.08867
35.33503,128.06949
35.33825,128.09872
35.34057,128.079
35.34017,128.08775
35.33563,128.06958
35.33958,128.10223
35.36229,128.06642
35.36246,128.06707
35.36266,128.06753
35.36228,128.06611
35.36274,128.06525
35.36443,128.06067
35.35761,128.09441
35.38466,128.05782
35.37252,128.06145
35.37289,128.06039
35.37375,128.06307
35.35967,128.09518
35.35926,128.09523
35.35621,128.09451
35.35971,128.09488
35.36011,128.09522
35.38396,128.02147
35.38095,128.00819
35.38086,128.01053
35.37803,128.00959
35.38002,128.011
35.37871,128.01021
35.37679,128.00965
35.38188,128.0061
35.38197,128.0067
35.38231,128.01944
35.38409,128.00902
35.39142,128.01022
35.39265,128.00896
35.38417,128.00735
35.38395,128.00801
35.38789,128.01386
35.39255,127.99476
35.39327,127.99413
35.33759,128.09536
35.39216,127.99489
35.38892,127.99107
35.38734,128.01697
35.39216,127.99105
35.38836,128.01633
35.38811,127.98979
35.38742,127.98951
35.38785,128.01413
35.3779,128.01016
35.40233,127.95139
35.3892,128.01378
35.40883,128.01178
35.40798,128.01191
35.39939,128.02847
35.51504,127.89702
35.51382,127.8939
35.50488,127.90709
35.50318,127.90758
35.50311,127.90745
35.50403,127.90565
35.50669,127.90986
35.46402,127.92812
35.4635,127.92574
35.46355,127.92166
35.46401,127.92169
35.46258,127.9281
35.46507,127.92137
35.46593,127.92116
35.46443,127.91937
35.46494,127.91702
35.46078,127.91346
35.4641,127.91009
35.46343,127.9142
35.46337,127.92095
35.46222,127.92193
35.46251,127.92213
35.46629,127.91955
35.35714,128.08493
35.35968,128.09042
35.40696,128.02072
35.39598,128.02427
35.39689,128.02328
35.39983,128.01492
35.40289,128.01365
35.39516,128.02401
35.40033,128.05314
35.38698,128.04297
35.38786,128.04333
35.40907,128.02998
35.40486,128.03311
35.46697,127.92494
35.47898,127.92002
35.47916,127.9209
35.48103,127.93607
35.481,127.93514
35.48195,127.933
35.47986,127.93254
35.48007,127.9301
35.49094,127.93492
35.48994,127.92887
35.49103,127.93594
35.49259,127.83579
35.48392,127.80936
35.40405,128.03294
35.43101,128.0059
35.41299,128.00702
35.42004,128.00519
35.42001,128.00397
35.42019,128.00307
35.41902,128.00418
35.41309,128.00612
35.41004,128.00306
35.48929,127.92898
35.43418,128.0028
35.49797,127.93393
35.48833,127.9304
35.50708,127.94191
35.49897,127.93272
35.50004,127.93204
35.49992,127.93327
35.26927,127.74533
35.27791,127.74536
35.36105,128.01782
35.35892,128.008
35.36789,127.99655
35.37907,127.99201
35.35418,127.99994
35.37392,128.00422
35.37591,127.99298
35.37419,128.00521
35.35496,127.99991
35.36607,128.00336
35.36789,128.00905
35.36108,128.00095
35.36189,128.00083
35.27328,127.75166
35.24451,127.81835
35.35997,127.98692
35.35905,127.98701
35.35326,127.98304
35.34568,127.97894
35.34486,127.978
35.46675,127.91053
35.46399,127.91034
35.46425,127.92612
35.35817,128.08519
35.35777,128.08487
35.35624,128.08457
35.3565,128.08518
35.36211,128.08123
35.36182,128.08149
35.36174,128.08199
35.35909,128.09023
35.3594,128.08933
35.36205,128.08146
35.36359,128.06457
35.36241,128.08101
35.3563,128.075
35.36379,128.06538
35.36416,128.06589
35.35353,128.09468
35.35574,128.07568
35.35963,128.0896
35.36211,128.08106
35.37183,128.07868
35.37253,128.07856
35.37197,128.07893
35.38635,128.06643
35.38614,128.06667
35.37489,128.07926
35.38647,128.06677
35.3744,128.06382
35.37344,128.08109
35.37314,128.06225
35.37316,128.06243
35.37353,128.0626
35.38394,128.0572
35.38376,128.05657
35.38426,128.05699
35.38315,128.05725
35.38295,128.0573
35.37389,128.06283
35.37236,128.06115
35.3738,128.08143
35.37941,128.08259
35.37713,128.06622
35.40099,128.02919
35.40698,128.02015
35.40631,128.02123
35.40628,128.02072
35.40065,128.02655
35.3988,128.02384
35.39664,128.0244
35.39511,128.02413
35.40011,128.01619
35.39613,128.02473
35.39396,128.02019
35.40301,128.01666
35.39737,128.02291
35.40077,128.02945
35.39551,128.02441
35.40384,128.05288
35.40795,128.0106
35.39981,128.05233
35.40501,128.05217
35.38691,128.04197
35.39994,128.05511
35.39995,128.05374
35.40372,128.05234
35.40337,128.05275
35.46625,127.92622
35.4674,127.92325
35.46801,127.92216
35.46913,127.92057
35.47104,127.91977
35.48003,127.91933
35.46607,127.92456
35.46699,127.92512
35.4701,127.92148
35.47002,127.92075
35.46994,127.9209
35.46605,127.92545
35.48107,127.93587
35.48085,127.93465
35.48123,127.93196
35.48086,127.93093
35.47997,127.93068
35.47989,127.92935
35.47993,127.93187
35.48192,127.93325
35.49065,127.93681
35.48082,127.93448
35.49025,127.93232
35.491,127.93186
35.49615,127.93304
35.49108,127.93254
35.49084,127.93421
35.37198,128.07846
35.37021,128.07526
35.49804,127.84038
35.49268,127.8367
35.49292,127.83608
35.49283,127.83576
35.49313,127.83444
35.49265,127.83498
35.49531,127.83533
35.49328,127.83419
35.49292,127.83396
35.4933,127.83582
35.49267,127.83353
35.49371,127.83373
35.49401,127.83491
35.49347,127.83196
35.4933,127.83681
35.4936,127.83691
35.49357,127.83604
35.49268,127.83209
35.49378,127.83698
35.49396,127.83628
35.49484,127.83614
35.49424,127.83306
35.4955,127.83565
35.49469,127.83496
35.49505,127.83457
35.4951,127.8353
35.49545,127.83615
35.49558,127.83704
35.49555,127.83686
35.49584,127.83676
35.49544,127.83822
35.49648,127.83841
35.49725,127.83813
35.49866,127.83825
35.49839,127.83843
35.49726,127.83836
35.49494,127.83372
35.50098,127.83187
35.4934,127.8325
35.49299,127.83238
35.48696,127.81369
35.48771,127.80896
35.48755,127.80817
35.39622,128.04191
35.39604,128.04115
35.41124,128.02736
35.41697,128.02823
35.41708,128.02876
35.41793,128.02866
35.40852,128.02992
35.40891,128.00421
35.41468,128.00418
35.4163,128.00076
35.43109,128.00689
35.42979,128.00573
35.41423,128.00452
35.41299,128.00495
35.4135,128.00673
35.41202,128.00474
35.41284,128.0042
35.41063,128.00407
35.41141,128.00504
35.40864,128.00485
35.42002,128.00414
35.41411,128.00499
35.4199,128.00452
35.48976,127.92789
35.41388,128.00558
35.49123,127.93149
35.49809,127.93633
35.49098,127.93607
35.49025,127.93464
35.48997,127.92868
35.50661,127.94232
35.50648,127.94277
35.50689,127.94272
35.49939,127.93199
35.49921,127.93103
35.2721,127.75047
35.2721,127.74884
35.27116,127.75219
35.2707,127.75186
35.27058,127.74542
35.27537,127.74624
35.2742,127.74724
35.27547,127.74484
35.27815,127.74407
35.27842,127.74392
35.27633,127.74585
35.27737,127.746
35.27813,127.74705
35.2793,127.74859
35.2799,127.74809
35.27922,127.74763
35.27836,127.74073
35.27858,127.7394
35.3589,128.0071
35.35325,128.0083
35.36186,128.01779
35.36479,128.01714
35.37241,128.01541
35.36834,127.99782
35.37897,127.99328
35.36718,127.99583
35.36687,127.99517
35.3734,128.00576
35.36514,128.00295
35.36213,128.00612
35.36106,128.00665
35.36824,128.01011
35.35409,127.99926
35.35291,127.99923
35.35309,127.99946
35.37993,127.99258
35.38087,127.99258
35.37223,127.99169
35.3686,127.99844
35.36511,128.00381
35.36207,128.00071
35.37905,127.99178
35.37806,127.99414
35.37283,128.00669
35.35997,127.9881
35.36828,127.9856
35.27869,127.73893
35.27994,127.74034
35.28629,127.73995
35.27891,127.7385
35.28326,127.72185
35.28441,127.72143
35.2772,127.7469
35.2808,127.72357
35.27614,127.74869
35.28205,127.72259
35.27899,127.74779
35.27386,127.7515
35.27341,127.74573
35.28492,127.72008
35.28411,127.72114
35.25607,127.82288
35.2559,127.82361
35.25651,127.82368
35.2456,127.81734
35.2455,127.81771
35.24494,127.81766
35.24465,127.818
35.24227,127.81371
35.24206,127.80742
35.24626,127.81715
35.24503,127.81858
35.24505,127.818
35.25738,127.82964
35.24492,127.81881
35.23249,127.79846
35.23227,127.79759
35.23928,127.8044
35.23211,127.79708
35.23254,127.79359
35.23164,127.79838
35.23572,127.78624
35.23564,127.78455
35.23581,127.78644
35.23583,127.7845
35.23563,127.78403
35.23587,127.78388
35.23465,127.78806
35.23321,127.79826
35.23407,127.79829
35.35999,127.98564
35.35898,127.98739
35.34687,127.98023
35.34506,127.98326
35.34775,127.97995
35.36239,127.98793
35.34587,127.97791
35.24408,127.81764
35.34819,127.97743
35.35025,127.97503
35.3511,127.98167
35.34452,127.97765
35.35959,127.98732
35.34631,127.97787
35.34325,127.95929
35.33892,127.95998
35.34211,127.95801
35.34072,127.95641
35.30724,127.83476
35.27527,127.83381
35.27644,127.83496
35.27828,127.83483
35.31091,127.99393
35.42891,127.9963
35.29642,127.98724
35.29854,127.98817
35.45493,127.94795
35.30004,127.9888
35.44392,127.95376
35.45449,127.94453
35.44507,127.95511
35.445,127.95616
35.44403,127.94888
35.4649,127.96469
35.465,127.96308
35.46409,127.96389
35.46318,127.964
35.47051,127.85783
35.48054,127.84927
35.46096,127.8543
35.48149,127.83987
35.30976,127.98816
35.48053,127.84108
35.29779,127.97744
35.30197,127.9736
35.30215,127.97002
35.30295,127.97282
35.31005,127.99291
35.30396,127.97097
35.3029,127.97005
35.30392,127.97002
35.30085,127.96903
35.3008,127.98906
35.46738,127.83269
35.47468,127.82846
35.29831,127.97628
35.48617,127.82184
35.29321,127.99932
35.29308,127.99887
35.30304,127.99911
35.29987,127.99934
35.30102,127.9998
35.30191,127.9994
35.30326,128.0013
35.28856,127.9936
35.28875,127.98958
35.32231,128.00795
35.3209,128.00768
35.31605,128.00299
35.32284,128.00703
35.52034,127.83055
35.284,127.76906
35.33338,127.99947
35.33447,128.0006
35.33601,127.99789
35.33482,127.99909
35.33592,128.00006
35.33703,128.00116
35.33708,128.01202
35.33994,128.00988
35.29479,127.75393
35.29516,127.75624
35.28207,127.85608
35.27263,127.85117
35.31988,127.85801
35.33577,128.01097
35.33598,128.01033
35.3346,128.0108
35.33605,128.01188
35.37124,128.01397
35.36496,128.01731
35.37198,128.01699
35.35405,128.00595
35.37281,128.01869
35.35914,128.01652
35.27788,127.83996
35.47967,127.87294
35.2791,127.84003
35.47903,127.87297
35.47522,127.87623
35.47696,127.87899
35.33728,128.03935
35.345,128.0462
35.34669,127.96524
35.33827,127.95934
35.34898,127.96204
35.34322,127.96505
35.34575,127.963
35.34285,127.9582
35.34375,127.95892
35.33923,127.96074
35.34208,127.95868
35.33918,127.95954
35.34198,127.95607
35.34172,127.95707
35.37617,127.9617
35.3422,127.96382
35.377,127.96219
35.37226,127.77237
35.37219,127.77151
35.3732,127.76758
35.3727,127.76783
35.36289,127.797
35.36257,127.79698
35.36294,127.79563
35.35569,127.81209
35.37704,127.7856
35.37081,127.78302
35.37615,127.78613
35.37232,127.76964
35.36161,127.79848
35.31777,127.83784
35.31401,127.83259
35.31783,127.83852
35.31716,127.83694
35.31832,127.83686
35.31874,127.83804
35.31809,127.83907
35.31833,127.83791
35.31838,127.83761
35.31919,127.83887
35.31747,127.83539
35.31238,127.83331
35.31318,127.83297
35.31348,127.83338
35.31434,127.8326
35.30998,127.83255
35.31983,127.83777
35.30603,127.83159
35.30657,127.83171
35.30943,127.83212
35.30477,127.83332
35.30347,127.83047
35.3091,127.83218
35.3118,127.83258
35.31304,127.83171
35.31785,127.83706
35.31899,127.8385
35.31922,127.836
35.31918,127.83625
35.31709,127.83078
35.31877,127.83685
35.29854,127.83124
35.29801,127.82954
35.29924,127.82889
35.29757,127.82932
35.2964,127.82759
35.30111,127.83178
35.29759,127.82912
35.234,127.79871
35.23535,127.78846
35.23538,127.80037
35.23499,127.7913
35.2362,127.78654
35.23586,127.78713
35.2323,127.795
35.27703,127.83228
35.27648,127.83323
35.27405,127.83129
35.27433,127.83344
35.27444,127.83398
35.27442,127.83295
35.27431,127.83289
35.27283,127.83128
35.27063,127.82812
35.26988,127.82809
35.27451,127.82832
35.28026,127.83365
35.26913,127.82767
35.27435,127.83648
35.2798,127.83422
35.26303,127.82627
35.27993,127.834
35.4271,127.98205
35.43179,127.99457
35.38686,127.89155
35.38807,127.88838
35.38751,127.87858
35.29496,127.99048
35.29876,127.98904
35.29932,127.98931
35.30508,127.9902
35.30441,127.99022
35.44969,127.95078
35.44914,127.95056
35.45622,127.94774
35.45527,127.94751
35.44405,127.94941
35.44404,127.95597
35.44378,127.95585
35.44568,127.95599
35.44466,127.94916
35.44181,127.9557
35.48215,127.96352
35.44344,127.95345
35.46511,127.96397
35.46399,127.96288
35.46319,127.96212
35.46401,127.96384
35.29286,127.83732
35.28473,127.83311
35.29446,127.83139
35.38852,127.88821
35.45394,127.97313
35.28315,127.83115
35.38383,128.0564
35.37306,128.0802
35.40112,127.87932
35.33277,127.99034
35.33268,127.9846
35.43044,127.99597
35.46984,127.85836
35.47085,127.85731
35.47442,127.85356
35.47635,127.85426
35.47462,127.85523
35.47547,127.85482
35.48702,127.85495
35.47695,127.85522
35.48748,127.85499
35.48811,127.85493
35.48761,127.85451
35.48779,127.85531
35.47866,127.85445
35.47858,127.85405
35.4787,127.85336
35.47819,127.85326
35.47874,127.853
35.47752,127.8541
35.47756,127.85037
35.47672,127.85451
35.48078,127.84858
35.47689,127.85439
35.47646,127.85554
35.47598,127.8543
35.48938,127.85735
35.47116,127.85676
35.46397,127.85366
35.47812,127.85433
35.46215,127.85769
35.46277,127.85471
35.46261,127.85502
35.46181,127.8547
35.46188,127.85611
35.46713,127.85698
35.46209,127.85621
35.47941,127.83871
35.4805,127.84007
35.47807,127.83531
35.47837,127.83594
35.4784,127.8353
35.47887,127.83546
35.47865,127.83517
35.3119,127.99287
35.30406,127.97392
35.30478,127.97502
35.31103,127.99323
35.30945,127.99218
35.31085,127.99299
35.29629,127.9799
35.29516,127.98096
35.30203,127.971
35.2982,127.97682
35.30305,127.97206
35.30219,127.96913
35.30977,127.99213
35.30293,127.97126
35.30292,127.97193
35.298,127.9829
35.29593,127.98044
35.2963,127.97942
35.29714,127.97843
35.30391,127.97088
35.30604,127.97493
35.29373,127.99171
35.29884,127.98866
35.30172,127.97473
35.37322,128.08061
35.31301,127.97346
35.47933,127.83889
35.47951,127.84017
35.48009,127.83994
35.47816,127.83623
35.47272,127.82808
35.4737,127.82903
35.47293,127.82839
35.47388,127.82839
35.47433,127.8294
35.46731,127.83109
35.47943,127.83278
35.47767,127.83326
35.47997,127.83291
35.48009,127.83319
35.48041,127.83289
35.48027,127.83321
35.48099,127.83284
35.46801,127.83144
35.46731,127.8314
35.46795,127.83218
35.47374,127.83154
35.47977,127.83298
35.46888,127.83308
35.46878,127.83467
35.46879,127.83346
35.46628,127.83346
35.47438,127.82799
35.47992,127.83326
35.4664,127.83302
35.47412,127.82988
35.48833,127.83059
35.48833,127.83001
35.48895,127.83132
35.48837,127.82672
35.48647,127.82211
35.48703,127.822
35.48601,127.82096
35.48626,127.8214
35.48647,127.82113
35.48639,127.82079
35.48901,127.82943
35.48896,127.8301
35.48363,127.81809
35.4834,127.81806
35.32078,127.99553
35.31027,127.99306
35.30146,127.96934
35.29799,127.97024
35.30425,127.9995
35.30303,127.99964
35.28802,127.99076
35.29384,127.99607
35.32089,128.00875
35.32112,128.01
35.31436,128.00316
35.3138,128.00156
35.31655,128.00282
35.32092,128.00718
35.32339,128.00548
35.32062,128.00045
35.31378,128.0014
35.31276,128.00137
35.31197,128.00101
35.31209,128.00308
35.32173,128.00648
35.48392,127.81844
35.48385,127.81808
35.48094,127.82127
35.48535,127.81786
35.48544,127.81703
35.48531,127.81664
35.48489,127.81562
35.48495,127.81631
35.48505,127.81745
35.48501,127.81698
35.48494,127.8174
35.48443,127.81723
35.48439,127.81659
35.48568,127.81758
35.48473,127.81745
35.48511,127.81601
35.48186,127.81958
35.48347,127.8175
35.48351,127.81862
35.5373,127.83837
35.53615,127.83831
35.52878,127.83314
35.51161,127.82944
35.51183,127.82961
35.51162,127.82917
35.51267,127.82897
35.51286,127.82893
35.52006,127.83142
35.5202,127.83134
35.52004,127.83105
35.52166,127.83173
35.52213,127.83141
35.52178,127.83194
35.51168,127.82958
35.52242,127.83195
35.5206,127.83087
35.51193,127.82952
35.51174,127.82924
35.51145,127.82863
35.51265,127.82854
35.28426,127.76824
35.2793,127.7737
35.2866,127.75776
35.28783,127.75808
35.28874,127.75902
35.28925,127.75645
35.28789,127.75986
35.32389,128.00675
35.31913,128.01236
35.32317,128.00546
35.32166,128.00198
35.32378,128.00581
35.32604,127.99602
35.32577,127.99651
35.32799,127.99598
35.32918,127.99634
35.33005,127.996
35.33085,127.99845
35.33388,128.00082
35.33166,127.99716
35.334,127.99997
35.33605,127.99701
35.33681,128.00199
35.3368,128.00223
35.33625,128.00232
35.33601,128.00064
35.33838,128.00222
35.33911,128.00146
35.33594,127.99621
35.32702,127.99584
35.32539,127.99504
35.32504,127.99637
35.32432,127.99858
35.3352,127.99665
35.32706,127.99607
35.33613,127.99743
35.33203,127.9963
35.34185,128.01119
35.34088,128.01031
35.34096,128.01127
35.33464,128.0082
35.33478,128.00882
35.28602,127.75967
35.28952,127.75391
35.29751,127.75435
35.29658,127.75241
35.30267,127.75135
35.29599,127.75289
35.27958,127.77323
35.29607,127.75235
35.29495,127.75327
35.29006,127.7506
35.31938,127.85836
35.30402,127.74801
35.31922,127.85784
35.31976,127.85701
35.27203,127.85055
35.27244,127.85141
35.31873,127.85758
35.27278,127.85026
35.3181,127.85793
35.27545,127.85156
35.27482,127.85096
35.27519,127.84937
35.2749,127.85144
35.27533,127.84853
35.27729,127.84718
35.27911,127.84241
35.27913,127.84281
35.28003,127.84438
35.2803,127.84322
35.27883,127.84163
35.27955,127.84421
35.27725,127.84673
35.27767,127.84591
35.27722,127.84606
35.27801,127.84487
35.27785,127.84085
35.27669,127.84207
35.27828,127.84121
35.28641,127.85498
35.33696,128.01106
35.33498,128.01209
35.33437,128.00881
35.34003,128.00677
35.34005,128.00627
35.34084,128.00664
35.33674,128.00793
35.34084,128.00932
35.34099,128.00594
35.33602,128.01085
35.33511,128.01056
35.34229,128.01152
35.33638,128.01125
35.33549,128.00779
35.36005,128.01702
35.36494,128.01621
35.34222,128.01197
35.36431,128.0155
35.37131,128.01513
35.35771,128.00776
35.37204,128.01486
35.37303,128.01702
35.36859,128.0115
35.36228,128.00665
35.35699,128.0119
35.35807,128.01299
35.35953,128.00804
35.35403,128.0069
35.27902,127.84118
35.27981,127.8397
35.27971,127.83861
35.27743,127.83864
35.30446,127.86074
35.2769,127.83724
35.27801,127.83812
35.27804,127.84709
35.27803,127.83894
35.27867,127.84754
35.28466,127.72047
35.31049,127.86062
35.28126,127.7237
35.28266,127.72239
35.27051,127.74551
35.25849,127.77917
35.27152,127.75373
35.27106,127.75331
35.27113,127.75517
35.27446,127.74866
35.27247,127.75121
35.27229,127.75016
35.27206,127.75098
35.46232,127.88796
35.4702,127.88749
35.47612,127.87699
35.48081,127.87224
35.47829,127.87483
35.479,127.87229
35.45755,127.8591
35.47616,127.87497
35.47721,127.87991
35.46991,127.87864
35.47337,127.88005
35.47013,127.87592
35.33716,128.03806
35.33655,128.03853
35.3135,128.04331
35.31325,128.04316
35.31445,128.04355
35.31411,128.04289
35.34354,128.05392
35.34404,128.05413
35.34346,128.0552
35.34321,128.05491
35.34447,128.05245
35.35296,128.05257
35.34677,128.04632
35.35328,128.0526
35.35348,128.05265
35.34533,128.04688
35.3456,128.04617
35.45529,127.88997
35.34389,128.04865
35.34447,128.04587
35.34411,128.04431
35.34148,128.04229
35.34192,128.04183
35.34842,128.04579
35.34419,128.04499
35.34944,128.04467
35.35225,128.04147
35.35322,128.04204
35.35373,128.04138
35.35359,128.04143
35.35406,128.04107
35.35252,128.04245
35.35272,128.05198
35.34498,128.04524
35.34366,128.05403
35.34207,128.04133
35.34018,128.03872
35.34204,128.04174
35.3367,128.03846
35.33766,128.03868
35.25878,127.84865
35.38306,128.02322
35.37804,128.01312
35.38008,128.00935
35.38577,128.01286
35.37713,128.0119
35.49615,127.8827
35.49904,127.88793
35.49602,127.88994
35.49697,127.89006
35.4999,127.88897
35.49512,127.88424
35.49596,127.8837
35.28006,127.82831
35.37099,127.92679
35.35819,127.94441
35.35207,127.93668
35.35402,127.93678
35.3508,127.93703
35.3482,127.93692
35.36515,127.94934
35.36204,127.94719
35.36758,127.91792
35.36096,127.94689
35.36668,127.91946
35.29671,127.83052
35.29008,127.82374
35.29159,127.82272
35.29425,127.81831
35.30021,127.81045
35.23939,127.82145
35.23786,127.81697
35.36801,127.92003
35.33196,127.95193
35.32732,127.94797
35.33018,127.95426
35.32616,127.94888
35.32794,127.94498
35.32891,127.94485
35.33215,127.98782
35.33884,127.98918
35.33777,127.98895
35.28226,127.82981
35.26595,127.83891
35.26713,127.84108
35.26767,127.84204
35.27369,127.84278
35.26701,127.83723
35.27159,127.83662
35.2695,127.83671
35.25878,127.8321
35.26977,127.83705
35.25817,127.83205
35.34,127.98999
35.34702,127.99096
35.32084,127.97201
35.33192,127.98488
35.32123,127.97116
35.32181,127.97185
35.45679,127.86294
35.45606,127.86331
35.459,127.85986
35.45717,127.85886
35.45725,127.85825
35.33722,128.01601
35.34295,128.03499
35.34298,128.03331
35.3429,128.01962
35.34716,128.02277
35.27962,127.77596
35.25868,127.78084
35.24559,127.79467
35.24993,127.78796
35.46102,127.8878
35.46896,127.88579
35.46991,127.88697
35.46999,127.88623
35.46977,127.8838
35.47083,127.883
35.47006,127.88222
35.47008,127.88293
35.47102,127.88354
35.33637,128.03907
35.34375,128.05574
35.34354,128.05653
35.34033,128.07841
35.33466,128.06886
35.33523,128.06964
35.33551,128.07016
35.34977,128.07309
35.26102,127.84977
35.26192,127.85074
35.25792,127.84875
35.25302,127.84806
35.24613,127.8452
35.25561,127.84638
35.23897,127.84191
35.24187,127.84634
35.23926,127.84067
35.23939,127.84039
35.25963,127.84916
35.26455,127.85485
35.23678,127.83961
35.25778,127.85695
35.38449,128.0198
35.37793,128.01419
35.38182,128.00788
35.38345,128.01156
35.38281,128.00972
35.38111,128.00882
35.37997,128.01006
35.38207,128.02569
35.37888,128.01155
35.37902,128.01093
35.38225,128.02543
35.37644,128.01099
35.37703,128.01093
35.38281,128.00671
35.37794,128.01172
35.47176,127.87598
35.3782,128.00831
35.47068,127.87482
35.4711,127.8761
35.47205,127.87525
35.471,127.87421
35.4712,127.87942
35.47185,127.87894
35.47588,127.87575
35.47651,127.87778
35.47712,127.88029
35.47809,127.90139
35.49516,127.8827
35.47865,127.89822
35.4956,127.88404
35.49518,127.88901
35.49502,127.88971
35.49617,127.88877
35.49934,127.88828
35.49617,127.89113
35.50112,127.88875
35.4956,127.88508
35.49822,127.88638
35.49691,127.88928
35.49594,127.89075
35.49571,127.88954
35.49502,127.88407
35.49622,127.88245
35.2787,127.83358
35.27153,127.82947
35.27839,127.83338
35.27915,127.8329
35.27818,127.83219
35.27416,127.83023
35.2758,127.82819
35.27931,127.82677
35.27993,127.82988
35.27972,127.83233
35.2791,127.82542
35.28006,127.82428
35.27896,127.83238
35.27909,127.83255
35.26263,127.82838
35.26274,127.8269
35.26205,127.82819
35.26279,127.82752
35.26177,127.82869
35.26216,127.82849
35.26132,127.82848
35.34271,127.9559
35.3827,127.96732
35.34271,127.95693
35.37324,127.95858
35.36854,127.92531
35.37091,127.92583
35.37012,127.92592
35.35294,127.9369
35.35654,127.94278
35.35575,127.94273
35.35576,127.94229
35.35341,127.93578
35.35099,127.93587
35.35034,127.93634
35.3501,127.93907
35.35017,127.93971
35.34869,127.93499
35.36538,127.94871
35.36277,127.9481
35.35096,127.93504
35.3829,127.96667
35.36384,127.94836
35.36769,127.91675
35.29605,127.82753
35.30316,127.83305
35.2961,127.82919
35.2965,127.82875
35.29606,127.8297
35.29625,127.82998
35.30252,127.8332
35.29497,127.8255
35.29498,127.8269
35.29253,127.82605
35.29433,127.82853
35.29094,127.82341
35.30198,127.83302
35.29506,127.82452
35.29452,127.8228
35.29395,127.82186
35.29492,127.81822
35.29572,127.81391
35.29518,127.81814
35.29525,127.8167
35.29494,127.81543
35.29646,127.82908
35.29761,127.83211
35.29815,127.83238
35.29931,127.83197
35.29928,127.83135
35.29865,127.8316
35.29565,127.83098
35.29103,127.82341
35.29522,127.82887
35.29078,127.82378
35.29603,127.81261
35.296,127.82844
35.29695,127.82928
35.29645,127.82959
35.29942,127.83215
35.29951,127.83133
35.30217,127.83298
35.29266,127.82958
35.26118,127.82871
35.26271,127.82352
35.27687,127.83052
35.27725,127.83193
35.26804,127.82253
35.27088,127.82888
35.26997,127.82706
35.27487,127.8301
35.27805,127.82454
35.27784,127.82422
35.276,127.83308
35.27611,127.83242
35.26313,127.82172
35.23721,127.82314
35.23741,127.82159
35.23643,127.8234
35.23672,127.82319
35.23655,127.82052
35.23654,127.82298
35.23322,127.82104
35.23269,127.82145
35.23512,127.82282
35.23767,127.81746
35.23956,127.81869
35.23844,127.81585
35.24051,127.81846
35.24007,127.81653
35.24037,127.80517
35.2366,127.82369
35.24114,127.80485
35.2322,127.82126
35.23995,127.81876
35.23813,127.81565
35.23808,127.81719
35.23983,127.82087
35.23967,127.81918
35.23814,127.81591
35.23915,127.81799
35.23706,127.81876
35.26496,127.85552
35.26775,127.84081
35.36794,127.92081
35.36892,127.92369
35.35437,127.93734
35.34986,127.93466
35.35617,127.9369
35.34742,127.93885
35.35456,127.92214
35.31903,127.95393
35.31863,127.95475
35.31941,127.95467
35.32078,127.95688
35.32075,127.95709
35.33301,127.95195
35.33004,127.94986
35.32931,127.94967
35.3273,127.94883
35.32918,127.94896
35.32215,127.9585
35.32309,127.95777
35.32894,127.94407
35.32118,127.95783
35.32979,127.94363
35.32019,127.95894
35.32908,127.94502
35.3329,127.95247
35.32715,127.95068
35.33133,127.98818
35.31713,127.95801
35.3322,127.98589
35.33129,127.98537
35.33308,127.98851
35.33194,127.98899
35.33973,127.98862
35.31444,127.78772
35.30936,127.79593
35.30827,127.79752
35.3072,127.79779
35.30885,127.79609
35.31094,127.79418
35.31313,127.7903
35.31467,127.78628
35.30544,127.79925
35.31234,127.79345
35.31224,127.79404
35.3143,127.78632
35.3031,127.80034
35.30391,127.79945
35.28586,127.83157
35.28853,127.83098
35.2981,127.80464
35.29191,127.83093
35.29202,127.83126
35.29255,127.83153
35.29488,127.83483
35.29076,127.83768
35.2915,127.82756
35.29586,127.83234
35.29389,127.83234
35.29474,127.83313
35.29432,127.83285
35.29324,127.83177
35.29183,127.83001
35.28837,127.83023
35.28853,127.82885
35.28164,127.8317
35.28218,127.8303
35.28244,127.82892
35.29079,127.8371
35.28726,127.82757
35.2814,127.83235
35.2919,127.83747
35.28818,127.8376
35.28777,127.83777
35.28846,127.83791
35.28878,127.83762
35.28529,127.83688
35.28179,127.83024
35.28958,127.83337
35.28838,127.83774
35.26644,127.83727
35.26688,127.83796
35.26594,127.83795
35.27246,127.83604
35.2741,127.84086
35.27491,127.83602
35.27496,127.83688
35.28839,127.82967
35.27501,127.83795
35.26915,127.83347
35.27002,127.83028
35.26758,127.8323
35.26765,127.83403
35.26751,127.83327
35.25898,127.83304
35.25905,127.831
35.25832,127.83227
35.2578,127.83111
35.27435,127.83916
35.26839,127.83687
35.27028,127.83176
35.26341,127.83103
35.26746,127.83568
35.26986,127.83216
35.26155,127.78137
35.26123,127.7825
35.26389,127.77787
35.2768,127.77623
35.27613,127.7763
35.27659,127.77693
35.27593,127.77777
35.27561,127.77797
35.34002,127.988
35.34732,127.99024
35.33664,127.97849
35.33288,127.98402
35.33212,127.98413
35.32872,127.98022
35.32814,127.97997
35.32998,127.98363
35.31188,127.97514
35.313,127.97231
35.32008,127.97245
35.32221,127.97545
35.32412,127.97634
35.32787,127.97925
35.32821,127.97855
35.4568,127.86254
35.45825,127.8615
35.4589,127.8622
35.45592,127.8638
35.45691,127.86318
35.33679,128.01635
35.33,128.01344
35.33741,128.01658
35.33729,128.0167
35.33825,128.01634
35.32844,128.01452
35.32848,128.01567
35.32864,128.01621
35.32876,128.01488
35.34123,128.03262
35.3433,128.01966
35.34382,128.03199
35.34286,128.03467
35.34055,128.02568
35.34069,128.02471
35.34051,128.02476
35.34053,128.02407
35.33645,128.02509
35.33396,128.0198
35.33642,128.02525
35.33933,128.01997
35.33956,128.02067
35.34333,128.0202
35.34394,128.0205
35.34256,128.03442
35.34278,128.03404
35.34338,128.03364
35.34371,128.03275
35.33906,128.01866
35.33895,128.01877
35.34097,128.02533
35.33619,128.02594
35.34628,128.02033
35.34295,128.05282
35.35275,128.05354
35.34303,128.05256
35.3376,128.03801
35.34303,128.05236
35.27612,127.77843
35.27604,127.77911
35.27573,127.77904
35.27533,127.77832
35.27449,127.77706
35.26685,127.77833
35.26685,127.78032
35.26521,127.77691
35.26047,127.78169
35.26775,127.77573
35.26614,127.77568
35.2661,127.77692
35.27786,127.77605
35.25972,127.7817
35.24521,127.79552
35.24571,127.79548
35.34176,128.01872
35.24543,127.7939
35.24186,127.80579
35.24263,127.79025
35.24398,127.78837
35.24259,127.78967
35.24386,127.78791
35.24517,127.78982
35.25183,127.78702
35.25238,127.78711
35.25372,127.78764
35.25833,127.78025
35.24407,127.8023
35.25848,127.78627
35.2566,127.78197
35.25619,127.78266
35.25706,127.78178
35.25252,127.78151
35.25076,127.78348
35.25164,127.78269
35.25323,127.78122
35.24867,127.78475
35.24728,127.78592
35.24651,127.7962
35.25103,127.78724
35.24814,127.78906
35.24913,127.78841
35.2423,127.79089
35.25888,127.78512
35.47114,127.8759
35.25334,127.78905
35.4612,127.86525
35.46116,127.88762
35.46003,127.8881
35.46892,127.88682
35.46983,127.88322
35.47032,127.88225
35.46101,127.88729
35.46099,127.88768
35.46888,127.8861
35.45805,127.85983
35.46485,127.91226
35.38233,128.02393
35.25481,127.90369
35.499,127.83846
35.4978,127.93359
35.38283,128.00817
